{
  "generated_at": "2026-04-21",
  "schema_version": 1,
  "runs": [
    {
      "id": "Qwen_Qwen3.5-0.8B__history_zeroshot",
      "model": "Qwen/Qwen3.5-0.8B",
      "harness": "history_zeroshot",
      "score": -0.23923681713611286,
      "per_suite": {
        "minigrid": -0.0031193939393939396,
        "atari": -0.02748180873180875,
        "procgen": 0.020000000000000018,
        "craftax": -0.19273800607747843,
        "classics": -0.9928448769318833
      },
      "parse_failure_rate": 0.0014560224964849243,
      "total_input_tokens": 177303374,
      "total_output_tokens": 2481077,
      "total_cost": null,
      "n_envs": 117
    },
    {
      "id": "Qwen_Qwen3.5-0.8B__markov_zeroshot",
      "model": "Qwen/Qwen3.5-0.8B",
      "harness": "markov_zeroshot",
      "score": -0.20673876104735137,
      "per_suite": {
        "minigrid": -0.0005499999999999996,
        "atari": -0.02681167566104856,
        "procgen": 0.17407894736842106,
        "craftax": -0.1804110769441292,
        "classics": -1.0
      },
      "parse_failure_rate": 0.00027972629857554764,
      "total_input_tokens": 70862473,
      "total_output_tokens": 1573120,
      "total_cost": null,
      "n_envs": 113
    },
    {
      "id": "Qwen_Qwen3.5-2B__history_zeroshot",
      "model": "Qwen/Qwen3.5-2B",
      "harness": "history_zeroshot",
      "score": 0.059966176340544075,
      "per_suite": {
        "minigrid": 0.049756249999999995,
        "minihack": -0.005,
        "atari": 0.3193449527646418,
        "craftax": 0.0059258157491022395,
        "classics": -0.07019613681102367
      },
      "parse_failure_rate": 0.00012855992584122174,
      "total_input_tokens": 176407172,
      "total_output_tokens": 2337983,
      "total_cost": null,
      "n_envs": 126
    },
    {
      "id": "Qwen_Qwen3.5-2B__markov_zeroshot",
      "model": "Qwen/Qwen3.5-2B",
      "harness": "markov_zeroshot",
      "score": -0.01942829480213498,
      "per_suite": {
        "minigrid": 0.026586538461538464,
        "minihack": -0.014999999999999996,
        "procgen": 0.13457111436950148,
        "craftax": -0.16720898649536184,
        "classics": -0.07609014034635299
      },
      "parse_failure_rate": 0.0006593551506626519,
      "total_input_tokens": 157953242,
      "total_output_tokens": 3318125,
      "total_cost": null,
      "n_envs": 183
    }
  ]
}