{
  "generated_at": "2026-04-21",
  "schema_version": 1,
  "runs": [
    {
      "id": "Qwen_Qwen3.5-0.8B__history_zeroshot",
      "model": "Qwen/Qwen3.5-0.8B",
      "harness": "history_zeroshot",
      "score": -0.15030133326514514,
      "per_suite": {
        "minigrid": -0.0031193939393939396,
        "atari": -0.02748180873180875,
        "procgen": 0.46467741935483875,
        "craftax": -0.19273800607747843,
        "classics": -0.9928448769318833
      },
      "parse_failure_rate": 0.001548801870251315,
      "total_input_tokens": 193465790,
      "total_output_tokens": 2662947,
      "total_cost": null,
      "n_envs": 123
    },
    {
      "id": "Qwen_Qwen3.5-0.8B__markov_zeroshot",
      "model": "Qwen/Qwen3.5-0.8B",
      "harness": "markov_zeroshot",
      "score": -0.20673876104735137,
      "per_suite": {
        "minigrid": -0.0005499999999999996,
        "atari": -0.02681167566104856,
        "procgen": 0.17407894736842106,
        "craftax": -0.1804110769441292,
        "classics": -1.0
      },
      "parse_failure_rate": 0.00027972629857554764,
      "total_input_tokens": 70862473,
      "total_output_tokens": 1573120,
      "total_cost": null,
      "n_envs": 113
    },
    {
      "id": "Qwen_Qwen3.5-2B__history_zeroshot",
      "model": "Qwen/Qwen3.5-2B",
      "harness": "history_zeroshot",
      "score": 0.04762489813129011,
      "per_suite": {
        "minigrid": 0.07646423076923077,
        "minihack": -0.005,
        "atari": 0.3193449527646418,
        "procgen": -0.040789473684210494,
        "craftax": 0.0059258157491022395,
        "classics": -0.07019613681102367
      },
      "parse_failure_rate": 0.000165293809746825,
      "total_input_tokens": 259967625,
      "total_output_tokens": 3539949,
      "total_cost": null,
      "n_envs": 177
    },
    {
      "id": "Qwen_Qwen3.5-2B__markov_zeroshot",
      "model": "Qwen/Qwen3.5-2B",
      "harness": "markov_zeroshot",
      "score": -0.021313102494442668,
      "per_suite": {
        "minigrid": 0.0171625,
        "minihack": -0.014999999999999996,
        "procgen": 0.13457111436950148,
        "craftax": -0.16720898649536184,
        "classics": -0.07609014034635299
      },
      "parse_failure_rate": 0.0007200151582138571,
      "total_input_tokens": 163811717,
      "total_output_tokens": 3819780,
      "total_cost": null,
      "n_envs": 188
    }
  ]
}